ZIP_CODE,HUD_AREA_CODE,CITY_STATE,RENT_STUDIO,RENT_STUDIO_90,RENT_STUDIO_110,RENT_1BD,RENT_1BD_90,RENT_1BD_110,RENT_2BD,RENT_2BD_90,RENT_2BD_110,RENT_3BD,RENT_3BD_90,RENT_3BD_110,RENT_4BD,RENT_4BD_90,RENT_4BD_110,GEO_ID,MEDIAN_INCOME_HOUSEHOLD_EST,TOTAL_HOUSEHOLDS_EST
94503,METRO34900M34900,"Napa, CA MSA",2140,1926,2354,2370,2133,2607,3110,2799,3421,3960,3564,4356,4630,4167,5093,860Z200US94503,123657,5971
94508,METRO34900M34900,"Napa, CA MSA",1730,1557,1903,1920,1728,2112,2520,2268,2772,3280,2952,3608,3730,3357,4103,860Z200US94508,116534,967
94515,METRO34900M34900,"Napa, CA MSA",1730,1557,1903,1920,1728,2112,2520,2268,2772,3370,3033,3707,3730,3357,4103,860Z200US94515,97202,2671
94534,METRO34900M34900,"Napa, CA MSA",2030,1827,2233,2210,1989,2431,2820,2538,3102,3770,3393,4147,4270,3843,4697,860Z200US94534,139349,13738
94558,METRO34900M34900,"Napa, CA MSA",2000,1800,2200,2210,1989,2431,2900,2610,3190,3690,3321,4059,4320,3888,4752,860Z200US94558,109444,24501
94559,METRO34900M34900,"Napa, CA MSA",1880,1692,2068,2080,1872,2288,2730,2457,3003,3480,3132,3828,4070,3663,4477,860Z200US94559,100559,10560
94567,METRO34900M34900,"Napa, CA MSA",1920,1728,2112,2130,1917,2343,2790,2511,3069,3550,3195,3905,4160,3744,4576,860Z200US94567,71250,231
94574,METRO34900M34900,"Napa, CA MSA",1730,1557,1903,1920,1728,2112,2520,2268,2772,3370,3033,3707,3730,3357,4103,860Z200US94574,139779,3293
94591,METRO34900M34900,"Napa, CA MSA",1730,1557,1903,1920,1728,2112,2520,2268,2772,3280,2952,3608,3730,3357,4103,860Z200US94591,107849,19711
94599,METRO34900M34900,"Napa, CA MSA",1880,1692,2068,2070,1863,2277,2720,2448,2992,3460,3114,3806,4060,3654,4466,860Z200US94599,79696,1507
95461,METRO34900M34900,"Napa, CA MSA",1760,1584,1936,1920,1728,2112,2520,2268,2772,3370,3033,3707,3890,3501,4279,860Z200US95461,81830,1319
95476,METRO34900M34900,"Napa, CA MSA",1970,1773,2167,2180,1962,2398,2860,2574,3146,3930,3537,4323,4200,3780,4620,860Z200US95476,108322,14996
94501,METRO41860MM5775,"Oakland-Fremont, CA HUD Metro FMR Area",2270,2043,2497,2530,2277,2783,3090,2781,3399,3950,3555,4345,4680,4212,5148,860Z200US94501,119500,25028
94502,METRO41860MM5775,"Oakland-Fremont, CA HUD Metro FMR Area",2450,2205,2695,2790,2511,3069,3390,3051,3729,4330,3897,4763,5150,4635,5665,860Z200US94502,194821,4782
94505,METRO41860MM5775,"Oakland-Fremont, CA HUD Metro FMR Area",2690,2421,2959,3000,2700,3300,3660,3294,4026,4680,4212,5148,5550,4995,6105,860Z200US94505,154063,5522
94506,METRO41860MM5775,"Oakland-Fremont, CA HUD Metro FMR Area",2750,2475,3025,3070,2763,3377,3740,3366,4114,4780,4302,5258,5670,5103,6237,860Z200US94506,"250,000+",9294
94507,METRO41860MM5775,"Oakland-Fremont, CA HUD Metro FMR Area",2610,2349,2871,2910,2619,3201,3550,3195,3905,4540,4086,4994,5380,4842,5918,860Z200US94507,"250,000+",5181
94509,METRO41860MM5775,"Oakland-Fremont, CA HUD Metro FMR Area",1750,1575,1925,1990,1791,2189,2420,2178,2662,3090,2781,3399,3670,3303,4037,860Z200US94509,81512,23431
94511,METRO41860MM5775,"Oakland-Fremont, CA HUD Metro FMR Area",1750,1575,1925,1990,1791,2189,2420,2178,2662,3090,2781,3399,3670,3303,4037,860Z200US94511,78393,900
94513,METRO41860MM5775,"Oakland-Fremont, CA HUD Metro FMR Area",2320,2088,2552,2580,2322,2838,3150,2835,3465,4030,3627,4433,4770,4293,5247,860Z200US94513,139736,21933
94514,METRO41860MM5775,"Oakland-Fremont, CA HUD Metro FMR Area",2240,2016,2464,2500,2250,2750,3050,2745,3355,3900,3510,4290,4620,4158,5082,860Z200US94514,97946,581
94517,METRO41860MM5775,"Oakland-Fremont, CA HUD Metro FMR Area",2610,2349,2871,2970,2673,3267,3620,3258,3982,4630,4167,5093,5500,4950,6050,860Z200US94517,164860,4425
94518,METRO41860MM5775,"Oakland-Fremont, CA HUD Metro FMR Area",2110,1899,2321,2350,2115,2585,2870,2583,3157,3670,3303,4037,4350,3915,4785,860Z200US94518,111406,10217
94519,METRO41860MM5775,"Oakland-Fremont, CA HUD Metro FMR Area",2180,1962,2398,2430,2187,2673,2970,2673,3267,3800,3420,4180,4500,4050,4950,860Z200US94519,123366,7098
94520,METRO41860MM5775,"Oakland-Fremont, CA HUD Metro FMR Area",1960,1764,2156,2190,1971,2409,2670,2403,2937,3410,3069,3751,4050,3645,4455,860Z200US94520,79790,13287
94521,METRO41860MM5775,"Oakland-Fremont, CA HUD Metro FMR Area",2170,1953,2387,2420,2178,2662,2950,2655,3245,3770,3393,4147,4470,4023,4917,860Z200US94521,127312,15607
94523,METRO41860MM5775,"Oakland-Fremont, CA HUD Metro FMR Area",2300,2070,2530,2560,2304,2816,3130,2817,3443,4000,3600,4400,4740,4266,5214,860Z200US94523,142622,13817
94525,METRO41860MM5775,"Oakland-Fremont, CA HUD Metro FMR Area",1860,1674,2046,2070,1863,2277,2530,2277,2783,3240,2916,3564,3830,3447,4213,860Z200US94525,101850,1703
94526,METRO41860MM5775,"Oakland-Fremont, CA HUD Metro FMR Area",2290,2061,2519,2610,2349,2871,3170,2853,3487,4050,3645,4455,4820,4338,5302,860Z200US94526,216974,11942
94530,METRO41860MM5775,"Oakland-Fremont, CA HUD Metro FMR Area",2210,1989,2431,2460,2214,2706,3010,2709,3311,3850,3465,4235,4560,4104,5016,860Z200US94530,127731,10923
94531,METRO41860MM5775,"Oakland-Fremont, CA HUD Metro FMR Area",2760,2484,3036,3070,2763,3377,3750,3375,4125,4800,4320,5280,5680,5112,6248,860Z200US94531,123428,13611
94536,METRO41860MM5775,"Oakland-Fremont, CA HUD Metro FMR Area",2640,2376,2904,2940,2646,3234,3590,3231,3949,4590,4131,5049,5440,4896,5984,860Z200US94536,156672,25211
94538,METRO41860MM5775,"Oakland-Fremont, CA HUD Metro FMR Area",2710,2439,2981,3010,2709,3311,3680,3312,4048,4710,4239,5181,5580,5022,6138,860Z200US94538,144451,23149
94539,METRO41860MM5775,"Oakland-Fremont, CA HUD Metro FMR Area",2980,2682,3278,3320,2988,3652,4050,3645,4455,5180,4662,5698,6140,5526,6754,860Z200US94539,235399,16876
94541,METRO41860MM5775,"Oakland-Fremont, CA HUD Metro FMR Area",2100,1890,2310,2330,2097,2563,2850,2565,3135,3640,3276,4004,4320,3888,4752,860Z200US94541,106556,21801
94542,METRO41860MM5775,"Oakland-Fremont, CA HUD Metro FMR Area",2320,2088,2552,2580,2322,2838,3150,2835,3465,4030,3627,4433,4770,4293,5247,860Z200US94542,131989,4866
94544,METRO41860MM5775,"Oakland-Fremont, CA HUD Metro FMR Area",2100,1890,2310,2330,2097,2563,2850,2565,3135,3640,3276,4004,4320,3888,4752,860Z200US94544,108358,22920
94545,METRO41860MM5775,"Oakland-Fremont, CA HUD Metro FMR Area",2250,2025,2475,2510,2259,2761,3060,2754,3366,3910,3519,4301,4640,4176,5104,860Z200US94545,115258,10097
94546,METRO41860MM5775,"Oakland-Fremont, CA HUD Metro FMR Area",2210,1989,2431,2460,2214,2706,3000,2700,3300,3840,3456,4224,4550,4095,5005,860Z200US94546,125780,15918
94547,METRO41860MM5775,"Oakland-Fremont, CA HUD Metro FMR Area",2710,2439,2981,3020,2718,3322,3690,3321,4059,4720,4248,5192,5590,5031,6149,860Z200US94547,130583,9319
94549,METRO41860MM5775,"Oakland-Fremont, CA HUD Metro FMR Area",2880,2592,3168,3210,2889,3531,3920,3528,4312,5010,4509,5511,5940,5346,6534,860Z200US94549,231195,10291
94550,METRO41860MM5775,"Oakland-Fremont, CA HUD Metro FMR Area",2430,2187,2673,2700,2430,2970,3300,2970,3630,4220,3798,4642,5000,4500,5500,860Z200US94550,177218,17524
94551,METRO41860MM5775,"Oakland-Fremont, CA HUD Metro FMR Area",2350,2115,2585,2620,2358,2882,3200,2880,3520,4090,3681,4499,4850,4365,5335,860Z200US94551,130705,14199
94552,METRO41860MM5775,"Oakland-Fremont, CA HUD Metro FMR Area",2460,2214,2706,2740,2466,3014,3340,3006,3674,4270,3843,4697,5060,4554,5566,860Z200US94552,205170,5016
94553,METRO41860MM5775,"Oakland-Fremont, CA HUD Metro FMR Area",2030,1827,2233,2260,2034,2486,2760,2484,3036,3530,3177,3883,4180,3762,4598,860Z200US94553,121023,19134
94555,METRO41860MM5775,"Oakland-Fremont, CA HUD Metro FMR Area",2900,2610,3190,3230,2907,3553,3940,3546,4334,5040,4536,5544,5970,5373,6567,860Z200US94555,213488,11784
94556,METRO41860MM5775,"Oakland-Fremont, CA HUD Metro FMR Area",2610,2349,2871,2910,2619,3201,3550,3195,3905,4540,4086,4994,5380,4842,5918,860Z200US94556,199300,5682
94560,METRO41860MM5775,"Oakland-Fremont, CA HUD Metro FMR Area",2510,2259,2761,2790,2511,3069,3410,3069,3751,4360,3924,4796,5170,4653,5687,860Z200US94560,164909,15184
94561,METRO41860MM5775,"Oakland-Fremont, CA HUD Metro FMR Area",1930,1737,2123,2150,1935,2365,2630,2367,2893,3360,3024,3696,3990,3591,4389,860Z200US94561,130859,13903
94563,METRO41860MM5775,"Oakland-Fremont, CA HUD Metro FMR Area",2410,2169,2651,2690,2421,2959,3280,2952,3608,4190,3771,4609,4970,4473,5467,860Z200US94563,"250,000+",7349
94564,METRO41860MM5775,"Oakland-Fremont, CA HUD Metro FMR Area",2270,2043,2497,2530,2277,2783,3090,2781,3399,3950,3555,4345,4680,4212,5148,860Z200US94564,120833,6882
94565,METRO41860MM5775,"Oakland-Fremont, CA HUD Metro FMR Area",1930,1737,2123,2150,1935,2365,2620,2358,2882,3350,3015,3685,3970,3573,4367,860Z200US94565,95035,30268
94566,METRO41860MM5775,"Oakland-Fremont, CA HUD Metro FMR Area",2440,2196,2684,2720,2448,2992,3320,2988,3652,4250,3825,4675,5030,4527,5533,860Z200US94566,187721,15923
94568,METRO41860MM5775,"Oakland-Fremont, CA HUD Metro FMR Area",2920,2628,3212,3250,2925,3575,3970,3573,4367,5080,4572,5588,6020,5418,6622,860Z200US94568,205046,23811
94572,METRO41860MM5775,"Oakland-Fremont, CA HUD Metro FMR Area",1870,1683,2057,2080,1872,2288,2540,2286,2794,3250,2925,3575,3850,3465,4235,860Z200US94572,89074,2958
94577,METRO41860MM5775,"Oakland-Fremont, CA HUD Metro FMR Area",2020,1818,2222,2250,2025,2475,2750,2475,3025,3520,3168,3872,4170,3753,4587,860Z200US94577,110989,16870
94578,METRO41860MM5775,"Oakland-Fremont, CA HUD Metro FMR Area",1990,1791,2189,2220,1998,2442,2710,2439,2981,3470,3123,3817,4110,3699,4521,860Z200US94578,89149,14060
94579,METRO41860MM5775,"Oakland-Fremont, CA HUD Metro FMR Area",1910,1719,2101,2130,1917,2343,2600,2340,2860,3320,2988,3652,3940,3546,4334,860Z200US94579,94193,6692
94580,METRO41860MM5775,"Oakland-Fremont, CA HUD Metro FMR Area",2080,1872,2288,2320,2088,2552,2830,2547,3113,3620,3258,3982,4290,3861,4719,860Z200US94580,110106,8782
94582,METRO41860MM5775,"Oakland-Fremont, CA HUD Metro FMR Area",2610,2349,2871,2910,2619,3201,3550,3195,3905,4540,4086,4994,5380,4842,5918,860Z200US94582,211159,16166
94583,METRO41860MM5775,"Oakland-Fremont, CA HUD Metro FMR Area",2720,2448,2992,3030,2727,3333,3700,3330,4070,4730,4257,5203,5610,5049,6171,860Z200US94583,184033,13776
94586,METRO41860MM5775,"Oakland-Fremont, CA HUD Metro FMR Area",2390,2151,2629,2660,2394,2926,3250,2925,3575,4160,3744,4576,4930,4437,5423,860Z200US94586,198942,337
94587,METRO41860MM5775,"Oakland-Fremont, CA HUD Metro FMR Area",2380,2142,2618,2640,2376,2904,3230,2907,3553,4130,3717,4543,4900,4410,5390,860Z200US94587,137194,21202
94588,METRO41860MM5775,"Oakland-Fremont, CA HUD Metro FMR Area",2860,2574,3146,3190,2871,3509,3890,3501,4279,4970,4473,5467,5900,5310,6490,860Z200US94588,186569,12182
94595,METRO41860MM5775,"Oakland-Fremont, CA HUD Metro FMR Area",2200,1980,2420,2450,2205,2695,2990,2691,3289,3820,3438,4202,4530,4077,4983,860Z200US94595,98108,9341
94596,METRO41860MM5775,"Oakland-Fremont, CA HUD Metro FMR Area",2460,2214,2706,2740,2466,3014,3350,3015,3685,4280,3852,4708,5080,4572,5588,860Z200US94596,137660,10801
94597,METRO41860MM5775,"Oakland-Fremont, CA HUD Metro FMR Area",2390,2151,2629,2660,2394,2926,3250,2925,3575,4160,3744,4576,4930,4437,5423,860Z200US94597,142685,10731
94598,METRO41860MM5775,"Oakland-Fremont, CA HUD Metro FMR Area",2850,2565,3135,3180,2862,3498,3880,3492,4268,4960,4464,5456,5880,5292,6468,860Z200US94598,188170,10493
94601,METRO41860MM5775,"Oakland-Fremont, CA HUD Metro FMR Area",1750,1575,1925,1990,1791,2189,2420,2178,2662,3090,2781,3399,3670,3303,4037,860Z200US94601,66651,16447
94602,METRO41860MM5775,"Oakland-Fremont, CA HUD Metro FMR Area",1770,1593,1947,1990,1791,2189,2420,2178,2662,3090,2781,3399,3670,3303,4037,860Z200US94602,124744,12287
94603,METRO41860MM5775,"Oakland-Fremont, CA HUD Metro FMR Area",1750,1575,1925,1990,1791,2189,2420,2178,2662,3090,2781,3399,3670,3303,4037,860Z200US94603,71086,10598
94605,METRO41860MM5775,"Oakland-Fremont, CA HUD Metro FMR Area",1750,1575,1925,1990,1791,2189,2420,2178,2662,3090,2781,3399,3670,3303,4037,860Z200US94605,101043,16739
94606,METRO41860MM5775,"Oakland-Fremont, CA HUD Metro FMR Area",1750,1575,1925,1990,1791,2189,2420,2178,2662,3090,2781,3399,3670,3303,4037,860Z200US94606,70769,15883
94607,METRO41860MM5775,"Oakland-Fremont, CA HUD Metro FMR Area",1800,1620,1980,2010,1809,2211,2450,2205,2695,3130,2817,3443,3710,3339,4081,860Z200US94607,87937,12697
94608,METRO41860MM5775,"Oakland-Fremont, CA HUD Metro FMR Area",2390,2151,2629,2660,2394,2926,3250,2925,3575,4160,3744,4576,4930,4437,5423,860Z200US94608,116306,16211
94609,METRO41860MM5775,"Oakland-Fremont, CA HUD Metro FMR Area",2220,1998,2442,2470,2223,2717,3020,2718,3322,3860,3474,4246,4580,4122,5038,860Z200US94609,106698,10998
94610,METRO41860MM5775,"Oakland-Fremont, CA HUD Metro FMR Area",2180,1962,2398,2430,2187,2673,2970,2673,3267,3800,3420,4180,4500,4050,4950,860Z200US94610,130435,16115
94611,METRO41860MM5775,"Oakland-Fremont, CA HUD Metro FMR Area",2160,1944,2376,2400,2160,2640,2930,2637,3223,3750,3375,4125,4440,3996,4884,860Z200US94611,176517,17840
94612,METRO41860MM5775,"Oakland-Fremont, CA HUD Metro FMR Area",2250,2025,2475,2510,2259,2761,3060,2754,3366,3910,3519,4301,4640,4176,5104,860Z200US94612,77069,10164
94618,METRO41860MM5775,"Oakland-Fremont, CA HUD Metro FMR Area",2520,2268,2772,2810,2529,3091,3430,3087,3773,4390,3951,4829,5200,4680,5720,860Z200US94618,205552,7341
94619,METRO41860MM5775,"Oakland-Fremont, CA HUD Metro FMR Area",2000,1800,2200,2230,2007,2453,2720,2448,2992,3480,3132,3828,4120,3708,4532,860Z200US94619,129879,9875
94621,METRO41860MM5775,"Oakland-Fremont, CA HUD Metro FMR Area",1750,1575,1925,1990,1791,2189,2420,2178,2662,3090,2781,3399,3670,3303,4037,860Z200US94621,53106,10494
94702,METRO41860MM5775,"Oakland-Fremont, CA HUD Metro FMR Area",1820,1638,2002,2020,1818,2222,2470,2223,2717,3160,2844,3476,3740,3366,4114,860Z200US94702,99135,7419
94703,METRO41860MM5775,"Oakland-Fremont, CA HUD Metro FMR Area",2040,1836,2244,2280,2052,2508,2780,2502,3058,3550,3195,3905,4210,3789,4631,860Z200US94703,108922,8732
94704,METRO41860MM5775,"Oakland-Fremont, CA HUD Metro FMR Area",1960,1764,2156,2180,1962,2398,2660,2394,2926,3400,3060,3740,4030,3627,4433,860Z200US94704,52105,8262
94705,METRO41860MM5775,"Oakland-Fremont, CA HUD Metro FMR Area",2110,1899,2321,2350,2115,2585,2870,2583,3157,3670,3303,4037,4350,3915,4785,860Z200US94705,163254,5823
94706,METRO41860MM5775,"Oakland-Fremont, CA HUD Metro FMR Area",2240,2016,2464,2500,2250,2750,3050,2745,3355,3900,3510,4290,4620,4158,5082,860Z200US94706,136961,8031
94707,METRO41860MM5775,"Oakland-Fremont, CA HUD Metro FMR Area",2190,1971,2409,2440,2196,2684,2980,2682,3278,3810,3429,4191,4520,4068,4972,860Z200US94707,196591,5188
94708,METRO41860MM5775,"Oakland-Fremont, CA HUD Metro FMR Area",2740,2466,3014,3050,2745,3355,3720,3348,4092,4760,4284,5236,5640,5076,6204,860Z200US94708,229004,4754
94709,METRO41860MM5775,"Oakland-Fremont, CA HUD Metro FMR Area",2060,1854,2266,2290,2061,2519,2800,2520,3080,3580,3222,3938,4240,3816,4664,860Z200US94709,95223,5310
94710,METRO41860MM5775,"Oakland-Fremont, CA HUD Metro FMR Area",2320,2088,2552,2580,2322,2838,3150,2835,3465,4030,3627,4433,4770,4293,5247,860Z200US94710,118007,3744
94801,METRO41860MM5775,"Oakland-Fremont, CA HUD Metro FMR Area",1750,1575,1925,1990,1791,2189,2420,2178,2662,3090,2781,3399,3670,3303,4037,860Z200US94801,75786,10421
94803,METRO41860MM5775,"Oakland-Fremont, CA HUD Metro FMR Area",2020,1818,2222,2240,2016,2464,2740,2466,3014,3500,3150,3850,4150,3735,4565,860Z200US94803,116075,9500
94804,METRO41860MM5775,"Oakland-Fremont, CA HUD Metro FMR Area",1750,1575,1925,1990,1791,2189,2420,2178,2662,3090,2781,3399,3670,3303,4037,860Z200US94804,86430,16080
94805,METRO41860MM5775,"Oakland-Fremont, CA HUD Metro FMR Area",1980,1782,2178,2200,1980,2420,2690,2421,2959,3440,3096,3784,4080,3672,4488,860Z200US94805,114191,5727
94806,METRO41860MM5775,"Oakland-Fremont, CA HUD Metro FMR Area",1850,1665,2035,2060,1854,2266,2510,2259,2761,3210,2889,3531,3800,3420,4180,860Z200US94806,82818,20304
95219,METRO41860MM5775,"Oakland-Fremont, CA HUD Metro FMR Area",1490,1341,1639,1730,1557,1903,2110,1899,2321,2750,2475,3025,3320,2988,3652,860Z200US95219,105300,11244
95377,METRO41860MM5775,"Oakland-Fremont, CA HUD Metro FMR Area",1930,1737,2123,2090,1881,2299,2610,2349,2871,3630,3267,3993,4380,3942,4818,860Z200US95377,155984,9612
95391,METRO41860MM5775,"Oakland-Fremont, CA HUD Metro FMR Area",1930,1737,2123,2090,1881,2299,2610,2349,2871,3630,3267,3993,4380,3942,4818,860Z200US95391,171510,6630
94002,METRO41860MM7360,"San Francisco, CA HUD Metro FMR Area",2720,2448,2992,3260,2934,3586,3950,3555,4345,5050,4545,5555,5230,4707,5753,860Z200US94002,204573,10608
94005,METRO41860MM7360,"San Francisco, CA HUD Metro FMR Area",2390,2151,2629,2870,2583,3157,3470,3123,3817,4430,3987,4873,4590,4131,5049,860Z200US94005,151593,1867
94010,METRO41860MM7360,"San Francisco, CA HUD Metro FMR Area",2520,2268,2772,3020,2718,3322,3660,3294,4026,4680,4212,5148,4850,4365,5335,860Z200US94010,191758,16252
94014,METRO41860MM7360,"San Francisco, CA HUD Metro FMR Area",2050,1845,2255,2510,2259,2761,2990,2691,3289,3760,3384,4136,3960,3564,4356,860Z200US94014,115513,14107
94015,METRO41860MM7360,"San Francisco, CA HUD Metro FMR Area",2590,2331,2849,3100,2790,3410,3750,3375,4125,4790,4311,5269,4970,4473,5467,860Z200US94015,123552,20514
94018,METRO41860MM7360,"San Francisco, CA HUD Metro FMR Area",2250,2025,2475,2700,2430,2970,3270,2943,3597,4180,3762,4598,4330,3897,4763,860Z200US94018,225763,1390
94019,METRO41860MM7360,"San Francisco, CA HUD Metro FMR Area",2190,1971,2409,2620,2358,2882,3170,2853,3487,4050,3645,4455,4200,3780,4620,860Z200US94019,153272,5299
94020,METRO41860MM7360,"San Francisco, CA HUD Metro FMR Area",2910,2619,3201,3280,2952,3608,4030,3627,4433,5170,4653,5687,5430,4887,5973,860Z200US94020,"250,000+",762
94025,METRO41860MM7360,"San Francisco, CA HUD Metro FMR Area",2900,2610,3190,3480,3132,3828,4210,3789,4631,5380,4842,5918,5570,5013,6127,860Z200US94025,215871,14318
94027,METRO41860MM7360,"San Francisco, CA HUD Metro FMR Area",2810,2529,3091,3370,3033,3707,4080,3672,4488,5220,4698,5742,5400,4860,5940,860Z200US94027,"250,000+",2275
94028,METRO41860MM7360,"San Francisco, CA HUD Metro FMR Area",2710,2439,2981,3190,2871,3509,3820,3438,4202,4940,4446,5434,5190,4671,5709,860Z200US94028,"250,000+",2625
94030,METRO41860MM7360,"San Francisco, CA HUD Metro FMR Area",3020,2718,3322,3620,3258,3982,4380,3942,4818,5590,5031,6149,5800,5220,6380,860Z200US94030,157567,7998
94037,METRO41860MM7360,"San Francisco, CA HUD Metro FMR Area",2820,2538,3102,3380,3042,3718,4090,3681,4499,5220,4698,5742,5420,4878,5962,860Z200US94037,201367,1061
94038,METRO41860MM7360,"San Francisco, CA HUD Metro FMR Area",2190,1971,2409,2620,2358,2882,3170,2853,3487,4050,3645,4455,4200,3780,4620,860Z200US94038,128333,988
94044,METRO41860MM7360,"San Francisco, CA HUD Metro FMR Area",2820,2538,3102,3380,3042,3718,4090,3681,4499,5220,4698,5742,5420,4878,5962,860Z200US94044,156658,13982
94060,METRO41860MM7360,"San Francisco, CA HUD Metro FMR Area",2760,2484,3036,3200,2880,3520,3870,3483,4257,4940,4446,5434,5120,4608,5632,860Z200US94060,111351,358
94061,METRO41860MM7360,"San Francisco, CA HUD Metro FMR Area",2620,2358,2882,3140,2826,3454,3800,3420,4180,4850,4365,5335,5030,4527,5533,860Z200US94061,141599,13144
94062,METRO41860MM7360,"San Francisco, CA HUD Metro FMR Area",2600,2340,2860,3110,2799,3421,3770,3393,4147,4820,4338,5302,4990,4491,5489,860Z200US94062,233333,9740
94063,METRO41860MM7360,"San Francisco, CA HUD Metro FMR Area",2550,2295,2805,3060,2754,3366,3700,3330,4070,4730,4257,5203,4900,4410,5390,860Z200US94063,115528,11291
94065,METRO41860MM7360,"San Francisco, CA HUD Metro FMR Area",3020,2718,3322,3620,3258,3982,4380,3942,4818,5600,5040,6160,5800,5220,6380,860Z200US94065,213361,4617
94066,METRO41860MM7360,"San Francisco, CA HUD Metro FMR Area",2430,2187,2673,2910,2619,3201,3520,3168,3872,4500,4050,4950,4660,4194,5126,860Z200US94066,135976,15463
94070,METRO41860MM7360,"San Francisco, CA HUD Metro FMR Area",2720,2448,2992,3260,2934,3586,3950,3555,4345,5050,4545,5555,5230,4707,5753,860Z200US94070,235373,11331
94080,METRO41860MM7360,"San Francisco, CA HUD Metro FMR Area",2430,2187,2673,2920,2628,3212,3530,3177,3883,4510,4059,4961,4670,4203,5137,860Z200US94080,135966,22033
94102,METRO41860MM7360,"San Francisco, CA HUD Metro FMR Area",2050,1845,2255,2510,2259,2761,2990,2691,3289,3740,3366,4114,3960,3564,4356,860Z200US94102,64781,19543
94103,METRO41860MM7360,"San Francisco, CA HUD Metro FMR Area",2430,2187,2673,2910,2619,3201,3520,3168,3872,4500,4050,4950,4660,4194,5126,860Z200US94103,122339,17352
94104,METRO41860MM7360,"San Francisco, CA HUD Metro FMR Area",2620,2358,2882,3140,2826,3454,3800,3420,4180,4850,4365,5335,5030,4527,5533,860Z200US94104,49896,263
94105,METRO41860MM7360,"San Francisco, CA HUD Metro FMR Area",3260,2934,3586,3910,3519,4301,4730,4257,5203,6040,5436,6644,6260,5634,6886,860Z200US94105,239781,8316
94107,METRO41860MM7360,"San Francisco, CA HUD Metro FMR Area",3240,2916,3564,3880,3492,4268,4700,4230,5170,6000,5400,6600,6220,5598,6842,860Z200US94107,186123,15761
94108,METRO41860MM7360,"San Francisco, CA HUD Metro FMR Area",2050,1845,2255,2510,2259,2761,2990,2691,3289,3730,3357,4103,3960,3564,4356,860Z200US94108,63864,6326
94109,METRO41860MM7360,"San Francisco, CA HUD Metro FMR Area",2130,1917,2343,2550,2295,2805,3090,2781,3399,3950,3555,4345,4090,3681,4499,860Z200US94109,112201,31899
94110,METRO41860MM7360,"San Francisco, CA HUD Metro FMR Area",2120,1908,2332,2540,2286,2794,3080,2772,3388,3930,3537,4323,4080,3672,4488,860Z200US94110,152403,26984
94111,METRO41860MM7360,"San Francisco, CA HUD Metro FMR Area",2680,2412,2948,3210,2889,3531,3890,3501,4279,4970,4473,5467,5150,4635,5665,860Z200US94111,131343,2471
94112,METRO41860MM7360,"San Francisco, CA HUD Metro FMR Area",2050,1845,2255,2510,2259,2761,2990,2691,3289,3730,3357,4103,3960,3564,4356,860Z200US94112,130906,23274
94114,METRO41860MM7360,"San Francisco, CA HUD Metro FMR Area",2660,2394,2926,3190,2871,3509,3860,3474,4246,4930,4437,5423,5110,4599,5621,860Z200US94114,196528,16804
94115,METRO41860MM7360,"San Francisco, CA HUD Metro FMR Area",2840,2556,3124,3400,3060,3740,4120,3708,4532,5260,4734,5786,5450,4905,5995,860Z200US94115,154264,16725
94116,METRO41860MM7360,"San Francisco, CA HUD Metro FMR Area",2730,2457,3003,3270,2943,3597,3960,3564,4356,5060,4554,5566,5240,4716,5764,860Z200US94116,152587,15355
94117,METRO41860MM7360,"San Francisco, CA HUD Metro FMR Area",2630,2367,2893,3160,2844,3476,3820,3438,4202,4880,4392,5368,5060,4554,5566,860Z200US94117,175096,17558
94118,METRO41860MM7360,"San Francisco, CA HUD Metro FMR Area",2280,2052,2508,2730,2457,3003,3300,2970,3630,4220,3798,4642,4370,3933,4807,860Z200US94118,159550,16995
94121,METRO41860MM7360,"San Francisco, CA HUD Metro FMR Area",2050,1845,2255,2510,2259,2761,2990,2691,3289,3730,3357,4103,3960,3564,4356,860Z200US94121,138353,18175
94122,METRO41860MM7360,"San Francisco, CA HUD Metro FMR Area",2280,2052,2508,2730,2457,3003,3310,2979,3641,4230,3807,4653,4380,3942,4818,860Z200US94122,145717,22375
94123,METRO41860MM7360,"San Francisco, CA HUD Metro FMR Area",3160,2844,3476,3780,3402,4158,4580,4122,5038,5850,5265,6435,6060,5454,6666,860Z200US94123,222689,12510
94124,METRO41860MM7360,"San Francisco, CA HUD Metro FMR Area",2050,1845,2255,2510,2259,2761,2990,2691,3289,3730,3357,4103,3960,3564,4356,860Z200US94124,82928,10982
94127,METRO41860MM7360,"San Francisco, CA HUD Metro FMR Area",2650,2385,2915,3250,2925,3575,3880,3492,4268,4750,4275,5225,5170,4653,5687,860Z200US94127,205429,7466
94129,METRO41860MM7360,"San Francisco, CA HUD Metro FMR Area",2480,2232,2728,2970,2673,3267,3590,3231,3949,4590,4131,5049,4760,4284,5236,860Z200US94129,236190,1338
94130,METRO41860MM7360,"San Francisco, CA HUD Metro FMR Area",2460,2214,2706,2950,2655,3245,3570,3213,3927,4560,4104,5016,4730,4257,5203,860Z200US94130,91750,617
94131,METRO41860MM7360,"San Francisco, CA HUD Metro FMR Area",2720,2448,2992,3260,2934,3586,3950,3555,4345,5050,4545,5555,5230,4707,5753,860Z200US94131,198779,12469
94132,METRO41860MM7360,"San Francisco, CA HUD Metro FMR Area",2070,1863,2277,2510,2259,2761,3000,2700,3300,3830,3447,4213,3970,3573,4367,860Z200US94132,118557,10686
94133,METRO41860MM7360,"San Francisco, CA HUD Metro FMR Area",2050,1845,2255,2510,2259,2761,2990,2691,3289,3730,3357,4103,3960,3564,4356,860Z200US94133,83025,12954
94134,METRO41860MM7360,"San Francisco, CA HUD Metro FMR Area",2050,1845,2255,2510,2259,2761,2990,2691,3289,3730,3357,4103,3960,3564,4356,860Z200US94134,107566,12545
94158,METRO41860MM7360,"San Francisco, CA HUD Metro FMR Area",3010,2709,3311,3610,3249,3971,4370,3933,4807,5580,5022,6138,5790,5211,6369,860Z200US94158,184294,4907
94303,METRO41860MM7360,"San Francisco, CA HUD Metro FMR Area",2350,2115,2585,2760,2484,3036,3300,2970,3630,4270,3843,4697,4510,4059,4961,860Z200US94303,148031,14485
94401,METRO41860MM7360,"San Francisco, CA HUD Metro FMR Area",2360,2124,2596,2830,2547,3113,3420,3078,3762,4370,3933,4807,4530,4077,4983,860Z200US94401,121258,13086
94402,METRO41860MM7360,"San Francisco, CA HUD Metro FMR Area",3120,2808,3432,3730,3357,4103,4520,4068,4972,5770,5193,6347,5980,5382,6578,860Z200US94402,179683,9944
94403,METRO41860MM7360,"San Francisco, CA HUD Metro FMR Area",3060,2754,3366,3670,3303,4037,4440,3996,4884,5670,5103,6237,5880,5292,6468,860Z200US94403,179825,16372
94404,METRO41860MM7360,"San Francisco, CA HUD Metro FMR Area",3450,3105,3795,4140,3726,4554,5010,4509,5511,6400,5760,7040,6630,5967,7293,860Z200US94404,182417,14583
94901,METRO41860MM7360,"San Francisco, CA HUD Metro FMR Area",2150,1935,2365,2580,2322,2838,3120,2808,3432,3990,3591,4389,4130,3717,4543,860Z200US94901,108837,15663
94903,METRO41860MM7360,"San Francisco, CA HUD Metro FMR Area",2880,2592,3168,3450,3105,3795,4180,3762,4598,5340,4806,5874,5530,4977,6083,860Z200US94903,127464,12226
94904,METRO41860MM7360,"San Francisco, CA HUD Metro FMR Area",2260,2034,2486,2710,2439,2981,3280,2952,3608,4190,3771,4609,4340,3906,4774,860Z200US94904,161875,5651
94920,METRO41860MM7360,"San Francisco, CA HUD Metro FMR Area",2820,2538,3102,3380,3042,3718,4100,3690,4510,5230,4707,5753,5420,4878,5962,860Z200US94920,238304,4942
94924,METRO41860MM7360,"San Francisco, CA HUD Metro FMR Area",2050,1845,2255,2510,2259,2761,2990,2691,3289,3730,3357,4103,3960,3564,4356,860Z200US94924,96442,551
94925,METRO41860MM7360,"San Francisco, CA HUD Metro FMR Area",3060,2754,3366,3670,3303,4037,4440,3996,4884,5670,5103,6237,5880,5292,6468,860Z200US94925,220771,4037
94930,METRO41860MM7360,"San Francisco, CA HUD Metro FMR Area",2230,2007,2453,2680,2412,2948,3240,2916,3564,4140,3726,4554,4290,3861,4719,860Z200US94930,136341,3544
94933,METRO41860MM7360,"San Francisco, CA HUD Metro FMR Area",2870,2583,3157,3440,3096,3784,4160,3744,4576,5310,4779,5841,5510,4959,6061,860Z200US94933,128561,585
94937,METRO41860MM7360,"San Francisco, CA HUD Metro FMR Area",2400,2160,2640,2870,2583,3157,3480,3132,3828,4450,4005,4895,4610,4149,5071,860Z200US94937,69464,565
94938,METRO41860MM7360,"San Francisco, CA HUD Metro FMR Area",2170,1953,2387,2610,2349,2871,3150,2835,3465,4020,3618,4422,4200,3780,4620,860Z200US94938,150250,246
94939,METRO41860MM7360,"San Francisco, CA HUD Metro FMR Area",2820,2538,3102,3380,3042,3718,4090,3681,4499,5220,4698,5742,5420,4878,5962,860Z200US94939,182743,3431
94941,METRO41860MM7360,"San Francisco, CA HUD Metro FMR Area",2730,2457,3003,3270,2943,3597,3960,3564,4356,5060,4554,5566,5240,4716,5764,860Z200US94941,210217,12534
94945,METRO41860MM7360,"San Francisco, CA HUD Metro FMR Area",2050,1845,2255,2510,2259,2761,2990,2691,3289,3770,3393,4147,3960,3564,4356,860Z200US94945,109750,7093
94946,METRO41860MM7360,"San Francisco, CA HUD Metro FMR Area",2050,1845,2255,2510,2259,2761,2990,2691,3289,3730,3357,4103,3960,3564,4356,860Z200US94946,166875,288
94947,METRO41860MM7360,"San Francisco, CA HUD Metro FMR Area",2250,2025,2475,2690,2421,2959,3260,2934,3586,4160,3744,4576,4320,3888,4752,860Z200US94947,126690,8938
94949,METRO41860MM7360,"San Francisco, CA HUD Metro FMR Area",2360,2124,2596,2830,2547,3113,3430,3087,3773,4380,3942,4818,4540,4086,4994,860Z200US94949,116101,7226
94952,METRO41860MM7360,"San Francisco, CA HUD Metro FMR Area",2050,1845,2255,2510,2259,2761,2990,2691,3289,4010,3609,4411,4280,3852,4708,860Z200US94952,115097,13990
94956,METRO41860MM7360,"San Francisco, CA HUD Metro FMR Area",2050,1845,2255,2510,2259,2761,2990,2691,3289,3730,3357,4103,3960,3564,4356,860Z200US94956,79241,678
94957,METRO41860MM7360,"San Francisco, CA HUD Metro FMR Area",3110,2799,3421,3730,3357,4103,4510,4059,4961,5760,5184,6336,5970,5373,6567,860Z200US94957,"250,000+",709
94960,METRO41860MM7360,"San Francisco, CA HUD Metro FMR Area",2510,2259,2761,3010,2709,3311,3640,3276,4004,4650,4185,5115,4820,4338,5302,860Z200US94960,172332,6192
94965,METRO41860MM7360,"San Francisco, CA HUD Metro FMR Area",2720,2448,2992,3260,2934,3586,3950,3555,4345,5050,4545,5555,5230,4707,5753,860Z200US94965,140417,6253
94973,METRO41860MM7360,"San Francisco, CA HUD Metro FMR Area",2080,1872,2288,2510,2259,2761,3020,2718,3322,3860,3474,4246,4000,3600,4400,860Z200US94973,207273,652
94020,METRO41940M41940,"San Jose-Sunnyvale-Santa Clara, CA HUD Metro FMR Area",2910,2619,3201,3280,2952,3608,4030,3627,4433,5170,4653,5687,5430,4887,5973,860Z200US94020,"250,000+",762
94022,METRO41940M41940,"San Jose-Sunnyvale-Santa Clara, CA HUD Metro FMR Area",3160,2844,3476,3540,3186,3894,4190,3771,4609,5510,4959,6061,5970,5373,6567,860Z200US94022,"250,000+",7268
94024,METRO41940M41940,"San Jose-Sunnyvale-Santa Clara, CA HUD Metro FMR Area",3260,2934,3586,3710,3339,4081,4340,3906,4774,5730,5157,6303,6240,5616,6864,860Z200US94024,"250,000+",8016
94028,METRO41940M41940,"San Jose-Sunnyvale-Santa Clara, CA HUD Metro FMR Area",2710,2439,2981,3190,2871,3509,3820,3438,4202,4940,4446,5434,5190,4671,5709,860Z200US94028,"250,000+",2625
94040,METRO41940M41940,"San Jose-Sunnyvale-Santa Clara, CA HUD Metro FMR Area",3200,2880,3520,3640,3276,4004,4250,3825,4675,5620,5058,6182,6110,5499,6721,860Z200US94040,184494,15347
94041,METRO41940M41940,"San Jose-Sunnyvale-Santa Clara, CA HUD Metro FMR Area",2920,2628,3212,3320,2988,3652,3880,3492,4268,5130,4617,5643,5580,5022,6138,860Z200US94041,168980,6652
94043,METRO41940M41940,"San Jose-Sunnyvale-Santa Clara, CA HUD Metro FMR Area",2900,2610,3190,3300,2970,3630,3860,3474,4246,5100,4590,5610,5550,4995,6105,860Z200US94043,180781,13257
94085,METRO41940M41940,"San Jose-Sunnyvale-Santa Clara, CA HUD Metro FMR Area",3180,2862,3498,3610,3249,3971,4220,3798,4642,5580,5022,6138,6070,5463,6677,860Z200US94085,183563,9112
94086,METRO41940M41940,"San Jose-Sunnyvale-Santa Clara, CA HUD Metro FMR Area",2910,2619,3201,3310,2979,3641,3870,3483,4257,5110,4599,5621,5570,5013,6127,860Z200US94086,180217,20166
94087,METRO41940M41940,"San Jose-Sunnyvale-Santa Clara, CA HUD Metro FMR Area",3090,2781,3399,3520,3168,3872,4110,3699,4521,5430,4887,5973,5910,5319,6501,860Z200US94087,200778,20384
94089,METRO41940M41940,"San Jose-Sunnyvale-Santa Clara, CA HUD Metro FMR Area",3150,2835,3465,3580,3222,3938,4180,3762,4598,5520,4968,6072,6010,5409,6611,860Z200US94089,153725,9129
94301,METRO41940M41940,"San Jose-Sunnyvale-Santa Clara, CA HUD Metro FMR Area",2970,2673,3267,3380,3042,3718,3950,3555,4345,5220,4698,5742,5680,5112,6248,860Z200US94301,235529,7080
94303,METRO41940M41940,"San Jose-Sunnyvale-Santa Clara, CA HUD Metro FMR Area",2350,2115,2585,2760,2484,3036,3300,2970,3630,4270,3843,4697,4510,4059,4961,860Z200US94303,148031,14485
94304,METRO41940M41940,"San Jose-Sunnyvale-Santa Clara, CA HUD Metro FMR Area",3210,2889,3531,3650,3285,4015,4260,3834,4686,5630,5067,6193,6130,5517,6743,860Z200US94304,162569,2117
94305,METRO41940M41940,"San Jose-Sunnyvale-Santa Clara, CA HUD Metro FMR Area",1940,1746,2134,2190,1971,2409,2540,2286,2794,3250,2925,3575,3600,3240,3960,860Z200US94305,72470,3689
94306,METRO41940M41940,"San Jose-Sunnyvale-Santa Clara, CA HUD Metro FMR Area",2850,2565,3135,3240,2916,3564,3790,3411,4169,5010,4509,5511,5450,4905,5995,860Z200US94306,186479,10794
94550,METRO41940M41940,"San Jose-Sunnyvale-Santa Clara, CA HUD Metro FMR Area",2430,2187,2673,2700,2430,2970,3300,2970,3630,4220,3798,4642,5000,4500,5500,860Z200US94550,177218,17524
95002,METRO41940M41940,"San Jose-Sunnyvale-Santa Clara, CA HUD Metro FMR Area",2250,2025,2475,2560,2304,2816,2990,2691,3289,3950,3555,4345,4300,3870,4730,860Z200US95002,89861,545
95008,METRO41940M41940,"San Jose-Sunnyvale-Santa Clara, CA HUD Metro FMR Area",2660,2394,2926,3020,2718,3322,3530,3177,3883,4660,4194,5126,5080,4572,5588,860Z200US95008,142841,18700
95014,METRO41940M41940,"San Jose-Sunnyvale-Santa Clara, CA HUD Metro FMR Area",3340,3006,3674,3800,3420,4180,4440,3996,4884,5870,5283,6457,6390,5751,7029,860Z200US95014,229074,21960
95020,METRO41940M41940,"San Jose-Sunnyvale-Santa Clara, CA HUD Metro FMR Area",2070,1863,2277,2350,2115,2585,2750,2475,3025,3630,3267,3993,3960,3564,4356,860Z200US95020,134242,19621
95023,METRO41940M41940,"San Jose-Sunnyvale-Santa Clara, CA HUD Metro FMR Area",2150,1935,2365,2190,1971,2409,2830,2547,3113,3840,3456,4224,4080,3672,4488,860Z200US95023,108156,17523
95030,METRO41940M41940,"San Jose-Sunnyvale-Santa Clara, CA HUD Metro FMR Area",2610,2349,2871,2970,2673,3267,3470,3123,3817,4590,4131,5049,4990,4491,5489,860Z200US95030,"250,000+",5201
95032,METRO41940M41940,"San Jose-Sunnyvale-Santa Clara, CA HUD Metro FMR Area",2840,2556,3124,3230,2907,3553,3770,3393,4147,4980,4482,5478,5420,4878,5962,860Z200US95032,195188,10508
95033,METRO41940M41940,"San Jose-Sunnyvale-Santa Clara, CA HUD Metro FMR Area",3280,2952,3608,3530,3177,3883,4350,3915,4785,5620,5058,6182,6000,5400,6600,860Z200US95033,183836,3869
95035,METRO41940M41940,"San Jose-Sunnyvale-Santa Clara, CA HUD Metro FMR Area",2850,2565,3135,3240,2916,3564,3790,3411,4169,5010,4509,5511,5450,4905,5995,860Z200US95035,176723,24801
95037,METRO41940M41940,"San Jose-Sunnyvale-Santa Clara, CA HUD Metro FMR Area",2120,1908,2332,2410,2169,2651,2820,2538,3102,3730,3357,4103,4060,3654,4466,860Z200US95037,158256,16512
95046,METRO41940M41940,"San Jose-Sunnyvale-Santa Clara, CA HUD Metro FMR Area",2130,1917,2343,2420,2178,2662,2830,2547,3113,3740,3366,4114,4070,3663,4477,860Z200US95046,157458,1947
95050,METRO41940M41940,"San Jose-Sunnyvale-Santa Clara, CA HUD Metro FMR Area",2510,2259,2761,2860,2574,3146,3340,3006,3674,4410,3969,4851,4800,4320,5280,860Z200US95050,130051,15552
95051,METRO41940M41940,"San Jose-Sunnyvale-Santa Clara, CA HUD Metro FMR Area",2980,2682,3278,3390,3051,3729,3960,3564,4356,5230,4707,5753,5700,5130,6270,860Z200US95051,185632,23571
95054,METRO41940M41940,"San Jose-Sunnyvale-Santa Clara, CA HUD Metro FMR Area",3330,2997,3663,3790,3411,4169,4430,3987,4873,5850,5265,6435,6370,5733,7007,860Z200US95054,204052,9419
95070,METRO41940M41940,"San Jose-Sunnyvale-Santa Clara, CA HUD Metro FMR Area",2960,2664,3256,3310,2979,3641,3940,3546,4334,5170,4653,5687,5590,5031,6149,860Z200US95070,240980,11124
95076,METRO41940M41940,"San Jose-Sunnyvale-Santa Clara, CA HUD Metro FMR Area",2610,2349,2871,2710,2439,2981,3440,3096,3784,4400,3960,4840,4640,4176,5104,860Z200US95076,86685,24799
95110,METRO41940M41940,"San Jose-Sunnyvale-Santa Clara, CA HUD Metro FMR Area",2440,2196,2684,2770,2493,3047,3240,2916,3564,4280,3852,4708,4660,4194,5126,860Z200US95110,132800,6740
95111,METRO41940M41940,"San Jose-Sunnyvale-Santa Clara, CA HUD Metro FMR Area",1940,1746,2134,2190,1971,2409,2540,2286,2794,3330,2997,3663,3620,3258,3982,860Z200US95111,97162,15833
95112,METRO41940M41940,"San Jose-Sunnyvale-Santa Clara, CA HUD Metro FMR Area",2300,2070,2530,2620,2358,2882,3060,2754,3366,4040,3636,4444,4400,3960,4840,860Z200US95112,89649,21264
95113,METRO41940M41940,"San Jose-Sunnyvale-Santa Clara, CA HUD Metro FMR Area",2850,2565,3135,3240,2916,3564,3790,3411,4169,5010,4509,5511,5450,4905,5995,860Z200US95113,140938,1501
95116,METRO41940M41940,"San Jose-Sunnyvale-Santa Clara, CA HUD Metro FMR Area",2120,1908,2332,2410,2169,2651,2820,2538,3102,3730,3357,4103,4060,3654,4466,860Z200US95116,83428,13455
95117,METRO41940M41940,"San Jose-Sunnyvale-Santa Clara, CA HUD Metro FMR Area",2350,2115,2585,2670,2403,2937,3120,2808,3432,4120,3708,4532,4490,4041,4939,860Z200US95117,115778,10144
95118,METRO41940M41940,"San Jose-Sunnyvale-Santa Clara, CA HUD Metro FMR Area",2360,2124,2596,2680,2412,2948,3130,2817,3443,4140,3726,4554,4500,4050,4950,860Z200US95118,148438,11329
95119,METRO41940M41940,"San Jose-Sunnyvale-Santa Clara, CA HUD Metro FMR Area",2680,2412,2948,3050,2745,3355,3560,3204,3916,4700,4230,5170,5120,4608,5632,860Z200US95119,164129,3503
95120,METRO41940M41940,"San Jose-Sunnyvale-Santa Clara, CA HUD Metro FMR Area",2700,2430,2970,3030,2727,3333,3580,3222,3938,4710,4239,5181,5100,4590,5610,860Z200US95120,"250,000+",12583
95121,METRO41940M41940,"San Jose-Sunnyvale-Santa Clara, CA HUD Metro FMR Area",2690,2421,2959,3070,2763,3377,3580,3222,3938,4730,4257,5203,5150,4635,5665,860Z200US95121,133700,9783
95122,METRO41940M41940,"San Jose-Sunnyvale-Santa Clara, CA HUD Metro FMR Area",2120,1908,2332,2410,2169,2651,2820,2538,3102,3730,3357,4103,4060,3654,4466,860Z200US95122,103406,12017
95123,METRO41940M41940,"San Jose-Sunnyvale-Santa Clara, CA HUD Metro FMR Area",2660,2394,2926,3030,2727,3333,3540,3186,3894,4680,4212,5148,5090,4581,5599,860Z200US95123,136364,24251
95124,METRO41940M41940,"San Jose-Sunnyvale-Santa Clara, CA HUD Metro FMR Area",2760,2484,3036,3140,2826,3454,3670,3303,4037,4850,4365,5335,5280,4752,5808,860Z200US95124,188433,17523
95125,METRO41940M41940,"San Jose-Sunnyvale-Santa Clara, CA HUD Metro FMR Area",2380,2142,2618,2710,2439,2981,3160,2844,3476,4180,3762,4598,4550,4095,5005,860Z200US95125,148422,20927
95126,METRO41940M41940,"San Jose-Sunnyvale-Santa Clara, CA HUD Metro FMR Area",2560,2304,2816,2910,2619,3201,3400,3060,3740,4490,4041,4939,4890,4401,5379,860Z200US95126,127297,15920
95127,METRO41940M41940,"San Jose-Sunnyvale-Santa Clara, CA HUD Metro FMR Area",2260,2034,2486,2570,2313,2827,3000,2700,3300,3960,3564,4356,4320,3888,4752,860Z200US95127,120548,15804
95128,METRO41940M41940,"San Jose-Sunnyvale-Santa Clara, CA HUD Metro FMR Area",2580,2322,2838,2940,2646,3234,3430,3087,3773,4530,4077,4983,4930,4437,5423,860Z200US95128,122647,14070
95129,METRO41940M41940,"San Jose-Sunnyvale-Santa Clara, CA HUD Metro FMR Area",2690,2421,2959,3070,2763,3377,3580,3222,3938,4730,4257,5203,5150,4635,5665,860Z200US95129,182662,14177
95130,METRO41940M41940,"San Jose-Sunnyvale-Santa Clara, CA HUD Metro FMR Area",2080,1872,2288,2370,2133,2607,2770,2493,3047,3660,3294,4026,3980,3582,4378,860Z200US95130,155787,4745
95131,METRO41940M41940,"San Jose-Sunnyvale-Santa Clara, CA HUD Metro FMR Area",2870,2583,3157,3270,2943,3597,3820,3438,4202,5050,4545,5555,5490,4941,6039,860Z200US95131,170128,9954
95132,METRO41940M41940,"San Jose-Sunnyvale-Santa Clara, CA HUD Metro FMR Area",2910,2619,3201,3310,2979,3641,3870,3483,4257,5110,4599,5621,5570,5013,6127,860Z200US95132,172266,11913
95133,METRO41940M41940,"San Jose-Sunnyvale-Santa Clara, CA HUD Metro FMR Area",2350,2115,2585,2670,2403,2937,3120,2808,3432,4120,3708,4532,4490,4041,4939,860Z200US95133,132069,8992
95134,METRO41940M41940,"San Jose-Sunnyvale-Santa Clara, CA HUD Metro FMR Area",3570,3213,3927,4060,3654,4466,4740,4266,5214,6260,5634,6886,6820,6138,7502,860Z200US95134,196847,13761
95135,METRO41940M41940,"San Jose-Sunnyvale-Santa Clara, CA HUD Metro FMR Area",3060,2754,3366,3490,3141,3839,4040,3636,4444,5240,4716,5764,5710,5139,6281,860Z200US95135,196179,7583
95136,METRO41940M41940,"San Jose-Sunnyvale-Santa Clara, CA HUD Metro FMR Area",2540,2286,2794,2890,2601,3179,3370,3033,3707,4450,4005,4895,4850,4365,5335,860Z200US95136,143696,16058
95138,METRO41940M41940,"San Jose-Sunnyvale-Santa Clara, CA HUD Metro FMR Area",2600,2340,2860,2960,2664,3256,3460,3114,3806,4570,4113,5027,4980,4482,5478,860Z200US95138,194300,5638
95139,METRO41940M41940,"San Jose-Sunnyvale-Santa Clara, CA HUD Metro FMR Area",3230,2907,3553,3670,3303,4037,4290,3861,4719,5670,5103,6237,6170,5553,6787,860Z200US95139,193061,2172
95148,METRO41940M41940,"San Jose-Sunnyvale-Santa Clara, CA HUD Metro FMR Area",3050,2745,3355,3470,3123,3817,4050,3645,4455,5350,4815,5885,5830,5247,6413,860Z200US95148,160729,12111
94515,METRO42220M42220,"Santa Rosa-Petaluma, CA MSA",1730,1557,1903,1920,1728,2112,2520,2268,2772,3370,3033,3707,3730,3357,4103,860Z200US94515,97202,2671
94574,METRO42220M42220,"Santa Rosa-Petaluma, CA MSA",1730,1557,1903,1920,1728,2112,2520,2268,2772,3370,3033,3707,3730,3357,4103,860Z200US94574,139779,3293
94928,METRO42220M42220,"Santa Rosa-Petaluma, CA MSA",2140,1926,2354,2360,2124,2596,3100,2790,3410,4260,3834,4686,4550,4095,5005,860Z200US94928,96622,16841
94931,METRO42220M42220,"Santa Rosa-Petaluma, CA MSA",1700,1530,1870,1890,1701,2079,2470,2223,2717,3400,3060,3740,3620,3258,3982,860Z200US94931,103105,4119
94945,METRO42220M42220,"Santa Rosa-Petaluma, CA MSA",2050,1845,2255,2510,2259,2761,2990,2691,3289,3770,3393,4147,3960,3564,4356,860Z200US94945,109750,7093
94951,METRO42220M42220,"Santa Rosa-Petaluma, CA MSA",1800,1620,1980,1990,1791,2189,2610,2349,2871,3590,3231,3949,3830,3447,4213,860Z200US94951,116093,1472
94952,METRO42220M42220,"Santa Rosa-Petaluma, CA MSA",2050,1845,2255,2510,2259,2761,2990,2691,3289,4010,3609,4411,4280,3852,4708,860Z200US94952,115097,13990
94954,METRO42220M42220,"Santa Rosa-Petaluma, CA MSA",2360,2124,2596,2610,2349,2871,3430,3087,3773,4720,4248,5192,5030,4527,5533,860Z200US94954,107564,14886
95401,METRO42220M42220,"Santa Rosa-Petaluma, CA MSA",1960,1764,2156,2160,1944,2376,2840,2556,3124,3900,3510,4290,4170,3753,4587,860Z200US95401,93513,13831
95403,METRO42220M42220,"Santa Rosa-Petaluma, CA MSA",2010,1809,2211,2220,1998,2442,2910,2619,3201,4000,3600,4400,4270,3843,4697,860Z200US95403,94480,16567
95404,METRO42220M42220,"Santa Rosa-Petaluma, CA MSA",1880,1692,2068,2080,1872,2288,2730,2457,3003,3750,3375,4125,4000,3600,4400,860Z200US95404,102802,15642
95405,METRO42220M42220,"Santa Rosa-Petaluma, CA MSA",2150,1935,2365,2380,2142,2618,3120,2808,3432,4290,3861,4719,4580,4122,5038,860Z200US95405,117931,9419
95407,METRO42220M42220,"Santa Rosa-Petaluma, CA MSA",1760,1584,1936,1940,1746,2134,2550,2295,2805,3510,3159,3861,3740,3366,4114,860Z200US95407,82807,13098
95409,METRO42220M42220,"Santa Rosa-Petaluma, CA MSA",2230,2007,2453,2470,2223,2717,3240,2916,3564,4450,4005,4895,4750,4275,5225,860Z200US95409,105736,11693
95421,METRO42220M42220,"Santa Rosa-Petaluma, CA MSA",1700,1530,1870,1890,1701,2079,2470,2223,2717,3370,3033,3707,3570,3213,3927,860Z200US95421,76905,636
95425,METRO42220M42220,"Santa Rosa-Petaluma, CA MSA",1700,1530,1870,1890,1701,2079,2470,2223,2717,3370,3033,3707,3570,3213,3927,860Z200US95425,107281,4515
95436,METRO42220M42220,"Santa Rosa-Petaluma, CA MSA",1700,1530,1870,1890,1701,2079,2470,2223,2717,3380,3042,3718,3610,3249,3971,860Z200US95436,96023,2382
95439,METRO42220M42220,"Santa Rosa-Petaluma, CA MSA",2040,1836,2244,2250,2025,2475,2950,2655,3245,4060,3654,4466,4330,3897,4763,860Z200US95439,165216,276
95441,METRO42220M42220,"Santa Rosa-Petaluma, CA MSA",1700,1530,1870,1890,1701,2079,2470,2223,2717,3370,3033,3707,3570,3213,3927,860Z200US95441,128375,745
95442,METRO42220M42220,"Santa Rosa-Petaluma, CA MSA",1730,1557,1903,1910,1719,2101,2510,2259,2761,3450,3105,3795,3680,3312,4048,860Z200US95442,131696,1421
95444,METRO42220M42220,"Santa Rosa-Petaluma, CA MSA",1820,1638,2002,2010,1809,2211,2640,2376,2904,3630,3267,3993,3870,3483,4257,860Z200US95444,210650,240
95445,METRO42220M42220,"Santa Rosa-Petaluma, CA MSA",1700,1530,1870,1890,1701,2079,2470,2223,2717,3370,3033,3707,3570,3213,3927,860Z200US95445,93365,861
95446,METRO42220M42220,"Santa Rosa-Petaluma, CA MSA",1700,1530,1870,1890,1701,2079,2470,2223,2717,3370,3033,3707,3570,3213,3927,860Z200US95446,88643,2452
95448,METRO42220M42220,"Santa Rosa-Petaluma, CA MSA",2010,1809,2211,2230,2007,2453,2920,2628,3212,4010,3609,4411,4280,3852,4708,860Z200US95448,103048,6495
95452,METRO42220M42220,"Santa Rosa-Petaluma, CA MSA",1920,1728,2112,2130,1917,2343,2790,2511,3069,3770,3393,4147,4110,3699,4521,860Z200US95452,134293,559
95461,METRO42220M42220,"Santa Rosa-Petaluma, CA MSA",1760,1584,1936,1920,1728,2112,2520,2268,2772,3370,3033,3707,3890,3501,4279,860Z200US95461,81830,1319
95462,METRO42220M42220,"Santa Rosa-Petaluma, CA MSA",1700,1530,1870,1890,1701,2079,2470,2223,2717,3370,3033,3707,3570,3213,3927,860Z200US95462,68333,612
95465,METRO42220M42220,"Santa Rosa-Petaluma, CA MSA",1700,1530,1870,1890,1701,2079,2470,2223,2717,3370,3033,3707,3570,3213,3927,860Z200US95465,123650,525
95471,METRO42220M42220,"Santa Rosa-Petaluma, CA MSA",1700,1530,1870,1890,1701,2079,2470,2223,2717,3370,3033,3707,3570,3213,3927,860Z200US95471,69046,351
95472,METRO42220M42220,"Santa Rosa-Petaluma, CA MSA",1820,1638,2002,2010,1809,2211,2640,2376,2904,3630,3267,3993,3870,3483,4257,860Z200US95472,109775,11608
95476,METRO42220M42220,"Santa Rosa-Petaluma, CA MSA",1970,1773,2167,2180,1962,2398,2860,2574,3146,3930,3537,4323,4200,3780,4620,860Z200US95476,108322,14996
95492,METRO42220M42220,"Santa Rosa-Petaluma, CA MSA",2120,1908,2332,2340,2106,2574,3070,2763,3377,4220,3798,4642,4500,4050,4950,860Z200US95492,131022,9643
95497,METRO42220M42220,"Santa Rosa-Petaluma, CA MSA",1700,1530,1870,1890,1701,2079,2470,2223,2717,3370,3033,3707,3570,3213,3927,860Z200US95497,121731,654
94503,METRO46700M46700,"Vallejo, CA MSA",2140,1926,2354,2370,2133,2607,3110,2799,3421,3960,3564,4356,4630,4167,5093,860Z200US94503,123657,5971
94510,METRO46700M46700,"Vallejo, CA MSA",1800,1620,1980,1980,1782,2178,2530,2277,2783,3380,3042,3718,3830,3447,4213,860Z200US94510,125222,10925
94533,METRO46700M46700,"Vallejo, CA MSA",1560,1404,1716,1710,1539,1881,2180,1962,2398,2920,2628,3212,3300,2970,3630,860Z200US94533,85990,24645
94534,METRO46700M46700,"Vallejo, CA MSA",2030,1827,2233,2210,1989,2431,2820,2538,3102,3770,3393,4147,4270,3843,4697,860Z200US94534,139349,13738
94535,METRO46700M46700,"Vallejo, CA MSA",2240,2016,2464,2430,2187,2673,3080,2772,3388,4110,3699,4521,4650,4185,5115,860Z200US94535,83525,1000
94558,METRO46700M46700,"Vallejo, CA MSA",2000,1800,2200,2210,1989,2431,2900,2610,3190,3690,3321,4059,4320,3888,4752,860Z200US94558,109444,24501
94571,METRO46700M46700,"Vallejo, CA MSA",1130,1017,1243,1240,1116,1364,1580,1422,1738,2110,1899,2321,2390,2151,2629,860Z200US94571,85212,5440
94585,METRO46700M46700,"Vallejo, CA MSA",1660,1494,1826,1800,1620,1980,2300,2070,2530,3070,2763,3377,3480,3132,3828,860Z200US94585,96713,9585
94589,METRO46700M46700,"Vallejo, CA MSA",1560,1404,1716,1710,1539,1881,2180,1962,2398,2960,2664,3256,3300,2970,3630,860Z200US94589,91313,9451
94590,METRO46700M46700,"Vallejo, CA MSA",1560,1404,1716,1710,1539,1881,2180,1962,2398,2920,2628,3212,3300,2970,3630,860Z200US94590,66957,15210
94591,METRO46700M46700,"Vallejo, CA MSA",1730,1557,1903,1920,1728,2112,2520,2268,2772,3280,2952,3608,3730,3357,4103,860Z200US94591,107849,19711
94592,METRO46700M46700,"Vallejo, CA MSA",2340,2106,2574,2560,2304,2816,3270,2943,3597,4370,3933,4807,4950,4455,5445,860Z200US94592,122625,441
95612,METRO46700M46700,"Vallejo, CA MSA",2190,1971,2409,2210,1989,2431,2880,2592,3168,3990,3591,4389,4340,3906,4774,860Z200US95612,87031,451
95616,METRO46700M46700,"Vallejo, CA MSA",1910,1719,2101,1930,1737,2123,2510,2259,2761,3480,3132,3828,3790,3411,4169,860Z200US95616,74758,18356
95618,METRO46700M46700,"Vallejo, CA MSA",2020,1818,2222,2030,1827,2233,2650,2385,2915,3670,3303,4037,4000,3600,4400,860Z200US95618,112454,10282
95620,METRO46700M46700,"Vallejo, CA MSA",1560,1404,1716,1710,1539,1881,2180,1962,2398,2920,2628,3212,3300,2970,3630,860Z200US95620,100224,7805
95687,METRO46700M46700,"Vallejo, CA MSA",1750,1575,1925,1900,1710,2090,2410,2169,2651,3190,2871,3509,3580,3222,3938,860Z200US95687,106648,22991
95688,METRO46700M46700,"Vallejo, CA MSA",1610,1449,1771,1740,1566,1914,2210,1989,2431,2930,2637,3223,3320,2988,3652,860Z200US95688,115791,14120
95690,METRO46700M46700,"Vallejo, CA MSA",1330,1197,1463,1400,1260,1540,1720,1548,1892,2290,2061,2519,2640,2376,2904,860Z200US95690,88173,612
95694,METRO46700M46700,"Vallejo, CA MSA",1560,1404,1716,1710,1539,1881,2180,1962,2398,2920,2628,3212,3300,2970,3630,860Z200US95694,107415,3484
